timestamp,cidr,port,ip
2025-09-28T14:01:29.404634Z,158.37.63.0/24,80,158.37.63.21
2025-09-28T14:01:29.404745Z,158.37.63.0/24,80,158.37.63.163
2025-09-28T14:01:29.404761Z,158.37.63.0/24,80,158.37.63.160
2025-09-28T14:01:29.404774Z,158.37.63.0/24,80,158.37.63.86
2025-09-28T14:01:29.404786Z,158.37.63.0/24,80,158.37.63.93
2025-09-28T14:01:29.404798Z,158.37.63.0/24,80,158.37.63.250
2025-09-28T14:01:29.404808Z,158.37.63.0/24,80,158.37.63.38
2025-09-28T14:01:29.404819Z,158.37.63.0/24,80,158.37.63.142
2025-09-28T14:01:29.404829Z,158.37.63.0/24,80,158.37.63.62
2025-09-28T14:01:29.404840Z,158.37.63.0/24,80,158.37.63.2
2025-09-28T14:01:29.404852Z,158.37.63.0/24,80,158.37.63.56
2025-09-28T14:01:29.404861Z,158.37.63.0/24,80,158.37.63.51
2025-09-28T14:01:29.404890Z,158.37.63.0/24,80,158.37.63.168
2025-09-28T14:01:29.404900Z,158.37.63.0/24,80,158.37.63.229
2025-09-28T14:01:29.404912Z,158.37.63.0/24,80,158.37.63.36
2025-09-28T14:01:29.404922Z,158.37.63.0/24,80,158.37.63.114
2025-09-28T14:01:29.404941Z,158.37.63.0/24,80,158.37.63.22
2025-09-28T14:01:29.404961Z,158.37.63.0/24,80,158.37.63.96
2025-09-28T14:01:29.404994Z,158.37.63.0/24,80,158.37.63.145
2025-09-28T14:01:29.405004Z,158.37.63.0/24,80,158.37.63.29
2025-09-28T14:01:29.405024Z,158.37.63.0/24,80,158.37.63.54
2025-09-28T14:01:29.405044Z,158.37.63.0/24,80,158.37.63.9
2025-09-28T14:01:29.405078Z,158.37.63.0/24,80,158.37.63.205
2025-09-28T14:01:29.405099Z,158.37.63.0/24,80,158.37.63.200
2025-09-28T14:01:29.405143Z,158.37.63.0/24,80,158.37.63.58
2025-09-28T14:01:29.405154Z,158.37.63.0/24,80,158.37.63.43
2025-09-28T14:01:29.405168Z,158.37.63.0/24,80,158.37.63.193
2025-09-28T14:01:29.405178Z,158.37.63.0/24,80,158.37.63.213
2025-09-28T14:01:29.405208Z,158.37.63.0/24,80,158.37.63.184
2025-09-28T14:01:29.405237Z,158.37.63.0/24,80,158.37.63.121
2025-09-28T14:01:29.405288Z,158.37.63.0/24,80,158.37.63.35
2025-09-28T14:01:29.405301Z,158.37.63.0/24,80,158.37.63.170
2025-09-28T14:01:29.405311Z,158.37.63.0/24,80,158.37.63.182
2025-09-28T14:01:29.405320Z,158.37.63.0/24,80,158.37.63.244
2025-09-28T14:01:29.405338Z,158.37.63.0/24,80,158.37.63.148
2025-09-28T14:01:29.405358Z,158.37.63.0/24,80,158.37.63.20
2025-09-28T14:01:29.405368Z,158.37.63.0/24,80,158.37.63.88
2025-09-28T14:01:29.405377Z,158.37.63.0/24,80,158.37.63.199
2025-09-28T14:01:29.405387Z,158.37.63.0/24,80,158.37.63.194
2025-09-28T14:01:29.405401Z,158.37.63.0/24,80,158.37.63.159
2025-09-28T14:01:29.405411Z,158.37.63.0/24,80,158.37.63.131
2025-09-28T14:01:38.455405Z,158.37.63.0/24,443,158.37.63.101
2025-09-28T14:01:38.455438Z,158.37.63.0/24,443,158.37.63.244
2025-09-28T14:01:38.455444Z,158.37.63.0/24,443,158.37.63.159
2025-09-28T14:01:38.455448Z,158.37.63.0/24,443,158.37.63.86
2025-09-28T14:01:38.455452Z,158.37.63.0/24,443,158.37.63.93
2025-09-28T14:01:38.455456Z,158.37.63.0/24,443,158.37.63.184
2025-09-28T14:01:38.455460Z,158.37.63.0/24,443,158.37.63.35
2025-09-28T14:01:38.455463Z,158.37.63.0/24,443,158.37.63.168
2025-09-28T14:01:38.455467Z,158.37.63.0/24,443,158.37.63.36
2025-09-28T14:01:38.455471Z,158.37.63.0/24,443,158.37.63.199
2025-09-28T14:01:38.455474Z,158.37.63.0/24,443,158.37.63.56
2025-09-28T14:01:38.455479Z,158.37.63.0/24,443,158.37.63.88
2025-09-28T14:01:38.455482Z,158.37.63.0/24,443,158.37.63.164
2025-09-28T14:01:38.455486Z,158.37.63.0/24,443,158.37.63.114
2025-09-28T14:01:38.455489Z,158.37.63.0/24,443,158.37.63.9
2025-09-28T14:01:38.455493Z,158.37.63.0/24,443,158.37.63.62
2025-09-28T14:01:38.455497Z,158.37.63.0/24,443,158.37.63.58
2025-09-28T14:01:38.455500Z,158.37.63.0/24,443,158.37.63.200
2025-09-28T14:01:38.455504Z,158.37.63.0/24,443,158.37.63.29
2025-09-28T14:01:38.455508Z,158.37.63.0/24,443,158.37.63.163
2025-09-28T14:01:38.455511Z,158.37.63.0/24,443,158.37.63.229
2025-09-28T14:01:38.455519Z,158.37.63.0/24,443,158.37.63.51
2025-09-28T14:01:38.455523Z,158.37.63.0/24,443,158.37.63.193
2025-09-28T14:01:38.455527Z,158.37.63.0/24,443,158.37.63.21
2025-09-28T14:01:38.455531Z,158.37.63.0/24,443,158.37.63.2
2025-09-28T14:01:38.455535Z,158.37.63.0/24,443,158.37.63.43
2025-09-28T14:01:38.455538Z,158.37.63.0/24,443,158.37.63.54
2025-09-28T14:01:38.455542Z,158.37.63.0/24,443,158.37.63.160
2025-09-28T14:01:38.455545Z,158.37.63.0/24,443,158.37.63.250
2025-09-28T14:01:38.455549Z,158.37.63.0/24,443,158.37.63.20
2025-09-28T14:01:38.455552Z,158.37.63.0/24,443,158.37.63.96
2025-09-28T14:01:38.455556Z,158.37.63.0/24,443,158.37.63.213
2025-09-28T14:01:38.455559Z,158.37.63.0/24,443,158.37.63.38
2025-09-28T14:01:38.455563Z,158.37.63.0/24,443,158.37.63.131
2025-09-28T14:01:38.455566Z,158.37.63.0/24,443,158.37.63.145
2025-09-28T14:02:14.667911Z,5.44.64.0/21,443,5.44.65.150
2025-09-28T14:02:14.667964Z,5.44.64.0/21,443,5.44.71.250
2025-09-28T14:02:23.713662Z,5.45.152.0/21,80,5.45.152.7
2025-09-28T14:02:32.768221Z,5.45.152.0/21,443,5.45.152.11
2025-09-28T14:02:32.768299Z,5.45.152.0/21,443,5.45.152.6
2025-09-28T14:02:41.817096Z,5.83.224.0/21,80,5.83.225.134
2025-09-28T14:02:41.817184Z,5.83.224.0/21,80,5.83.224.167
2025-09-28T14:02:41.817214Z,5.83.224.0/21,80,5.83.224.254
2025-09-28T14:02:50.884409Z,5.83.224.0/21,443,5.83.224.182
2025-09-28T14:02:50.884507Z,5.83.224.0/21,443,5.83.227.218
2025-09-28T14:02:50.884520Z,5.83.224.0/21,443,5.83.224.254
2025-09-28T14:02:50.884531Z,5.83.224.0/21,443,5.83.224.166
2025-09-28T14:02:50.884541Z,5.83.224.0/21,443,5.83.231.77
