scan_timestamp,run_id,ip,ip_block,port,status,ttl,source
2025-10-03T13:05:13Z,2025-10-03T13-05-04Z,158.37.63.93,158.37.63.0/24,80,open,56,zmap
2025-10-03T13:05:13Z,2025-10-03T13-05-04Z,158.37.63.159,158.37.63.0/24,80,open,55,zmap
2025-10-03T13:05:13Z,2025-10-03T13-05-04Z,158.37.63.244,158.37.63.0/24,80,open,55,zmap
2025-10-03T13:05:13Z,2025-10-03T13-05-04Z,158.37.63.139,158.37.63.0/24,80,closed,57,zmap
2025-10-03T13:05:13Z,2025-10-03T13-05-04Z,158.37.63.229,158.37.63.0/24,80,open,57,zmap
2025-10-03T13:05:13Z,2025-10-03T13-05-04Z,158.37.63.250,158.37.63.0/24,80,open,58,zmap
2025-10-03T13:05:13Z,2025-10-03T13-05-04Z,158.37.63.58,158.37.63.0/24,80,open,56,zmap
2025-10-03T13:05:13Z,2025-10-03T13-05-04Z,158.37.63.168,158.37.63.0/24,80,open,57,zmap
2025-10-03T13:05:13Z,2025-10-03T13-05-04Z,158.37.63.38,158.37.63.0/24,80,open,55,zmap
2025-10-03T13:05:13Z,2025-10-03T13-05-04Z,158.37.63.131,158.37.63.0/24,80,open,57,zmap
2025-10-03T13:05:13Z,2025-10-03T13-05-04Z,158.37.63.194,158.37.63.0/24,80,open,56,zmap
2025-10-03T13:05:13Z,2025-10-03T13-05-04Z,158.37.63.114,158.37.63.0/24,80,open,56,zmap
2025-10-03T13:05:13Z,2025-10-03T13-05-04Z,158.37.63.170,158.37.63.0/24,80,open,57,zmap
2025-10-03T13:05:13Z,2025-10-03T13-05-04Z,158.37.63.121,158.37.63.0/24,80,open,56,zmap
2025-10-03T13:05:13Z,2025-10-03T13-05-04Z,158.37.63.142,158.37.63.0/24,80,open,57,zmap
2025-10-03T13:05:13Z,2025-10-03T13-05-04Z,158.37.63.145,158.37.63.0/24,80,open,57,zmap
2025-10-03T13:05:13Z,2025-10-03T13-05-04Z,158.37.63.51,158.37.63.0/24,80,open,57,zmap
2025-10-03T13:05:13Z,2025-10-03T13-05-04Z,158.37.63.56,158.37.63.0/24,80,open,57,zmap
2025-10-03T13:05:13Z,2025-10-03T13-05-04Z,158.37.63.96,158.37.63.0/24,80,open,55,zmap
2025-10-03T13:05:13Z,2025-10-03T13-05-04Z,158.37.63.10,158.37.63.0/24,80,closed,56,zmap
2025-10-03T13:05:13Z,2025-10-03T13-05-04Z,158.37.63.111,158.37.63.0/24,80,closed,56,zmap
2025-10-03T13:05:13Z,2025-10-03T13-05-04Z,158.37.63.88,158.37.63.0/24,80,open,54,zmap
2025-10-03T13:05:13Z,2025-10-03T13-05-04Z,158.37.63.133,158.37.63.0/24,80,closed,56,zmap
2025-10-03T13:05:13Z,2025-10-03T13-05-04Z,158.37.63.160,158.37.63.0/24,80,open,55,zmap
2025-10-03T13:05:13Z,2025-10-03T13-05-04Z,158.37.63.86,158.37.63.0/24,80,open,55,zmap
2025-10-03T13:05:13Z,2025-10-03T13-05-04Z,158.37.63.87,158.37.63.0/24,80,closed,57,zmap
2025-10-03T13:05:13Z,2025-10-03T13-05-04Z,158.37.63.55,158.37.63.0/24,80,closed,56,zmap
2025-10-03T13:05:13Z,2025-10-03T13-05-04Z,158.37.63.2,158.37.63.0/24,80,open,57,zmap
2025-10-03T13:05:13Z,2025-10-03T13-05-04Z,158.37.63.43,158.37.63.0/24,80,open,56,zmap
2025-10-03T13:05:13Z,2025-10-03T13-05-04Z,158.37.63.54,158.37.63.0/24,80,open,56,zmap
2025-10-03T13:05:13Z,2025-10-03T13-05-04Z,158.37.63.123,158.37.63.0/24,80,closed,57,zmap
2025-10-03T13:05:13Z,2025-10-03T13-05-04Z,158.37.63.148,158.37.63.0/24,80,open,56,zmap
2025-10-03T13:05:13Z,2025-10-03T13-05-04Z,158.37.63.15,158.37.63.0/24,80,closed,57,zmap
2025-10-03T13:05:13Z,2025-10-03T13-05-04Z,158.37.63.9,158.37.63.0/24,80,open,57,zmap
2025-10-03T13:05:13Z,2025-10-03T13-05-04Z,158.37.63.36,158.37.63.0/24,80,open,56,zmap
2025-10-03T13:05:13Z,2025-10-03T13-05-04Z,158.37.63.62,158.37.63.0/24,80,open,57,zmap
2025-10-03T13:05:13Z,2025-10-03T13-05-04Z,158.37.63.199,158.37.63.0/24,80,open,56,zmap
2025-10-03T13:05:13Z,2025-10-03T13-05-04Z,158.37.63.21,158.37.63.0/24,80,open,56,zmap
2025-10-03T13:05:13Z,2025-10-03T13-05-04Z,158.37.63.182,158.37.63.0/24,80,open,56,zmap
2025-10-03T13:05:13Z,2025-10-03T13-05-04Z,158.37.63.29,158.37.63.0/24,80,open,55,zmap
2025-10-03T13:05:13Z,2025-10-03T13-05-04Z,158.37.63.213,158.37.63.0/24,80,open,57,zmap
2025-10-03T13:05:13Z,2025-10-03T13-05-04Z,158.37.63.35,158.37.63.0/24,80,open,57,zmap
2025-10-03T13:05:13Z,2025-10-03T13-05-04Z,158.37.63.22,158.37.63.0/24,80,open,57,zmap
2025-10-03T13:05:13Z,2025-10-03T13-05-04Z,158.37.63.205,158.37.63.0/24,80,open,56,zmap
2025-10-03T13:05:13Z,2025-10-03T13-05-04Z,158.37.63.163,158.37.63.0/24,80,open,55,zmap
2025-10-03T13:05:13Z,2025-10-03T13-05-04Z,158.37.63.99,158.37.63.0/24,80,closed,57,zmap
2025-10-03T13:05:13Z,2025-10-03T13-05-04Z,158.37.63.146,158.37.63.0/24,80,closed,56,zmap
2025-10-03T13:05:13Z,2025-10-03T13-05-04Z,158.37.63.200,158.37.63.0/24,80,open,56,zmap
2025-10-03T13:05:13Z,2025-10-03T13-05-04Z,158.37.63.164,158.37.63.0/24,80,closed,57,zmap
2025-10-03T13:05:13Z,2025-10-03T13-05-04Z,158.37.63.130,158.37.63.0/24,80,open,56,zmap
2025-10-03T13:05:13Z,2025-10-03T13-05-04Z,158.37.63.101,158.37.63.0/24,80,closed,57,zmap
2025-10-03T13:05:13Z,2025-10-03T13-05-04Z,158.37.63.188,158.37.63.0/24,80,closed,56,zmap
2025-10-03T13:05:13Z,2025-10-03T13-05-04Z,158.37.63.184,158.37.63.0/24,80,open,55,zmap
2025-10-03T13:05:13Z,2025-10-03T13-05-04Z,158.37.63.193,158.37.63.0/24,80,open,57,zmap
2025-10-03T13:05:13Z,2025-10-03T13-05-04Z,158.37.63.23,158.37.63.0/24,80,closed,56,zmap
2025-10-03T13:05:13Z,2025-10-03T13-05-04Z,158.37.63.222,158.37.63.0/24,80,closed,57,zmap
2025-10-03T13:05:13Z,2025-10-03T13-05-04Z,158.37.63.20,158.37.63.0/24,80,open,55,zmap
2025-10-03T13:05:22Z,2025-10-03T13-05-04Z,158.37.63.93,158.37.63.0/24,443,open,57,zmap
2025-10-03T13:05:22Z,2025-10-03T13-05-04Z,158.37.63.51,158.37.63.0/24,443,open,57,zmap
2025-10-03T13:05:22Z,2025-10-03T13-05-04Z,158.37.63.159,158.37.63.0/24,443,open,55,zmap
2025-10-03T13:05:22Z,2025-10-03T13-05-04Z,158.37.63.9,158.37.63.0/24,443,open,56,zmap
2025-10-03T13:05:22Z,2025-10-03T13-05-04Z,158.37.63.244,158.37.63.0/24,443,open,56,zmap
2025-10-03T13:05:22Z,2025-10-03T13-05-04Z,158.37.63.199,158.37.63.0/24,443,open,57,zmap
2025-10-03T13:05:22Z,2025-10-03T13-05-04Z,158.37.63.36,158.37.63.0/24,443,open,55,zmap
2025-10-03T13:05:22Z,2025-10-03T13-05-04Z,158.37.63.213,158.37.63.0/24,443,open,56,zmap
2025-10-03T13:05:22Z,2025-10-03T13-05-04Z,158.37.63.96,158.37.63.0/24,443,open,54,zmap
2025-10-03T13:05:22Z,2025-10-03T13-05-04Z,158.37.63.10,158.37.63.0/24,443,closed,56,zmap
2025-10-03T13:05:22Z,2025-10-03T13-05-04Z,158.37.63.56,158.37.63.0/24,443,open,57,zmap
2025-10-03T13:05:22Z,2025-10-03T13-05-04Z,158.37.63.178,158.37.63.0/24,443,closed,56,zmap
2025-10-03T13:05:22Z,2025-10-03T13-05-04Z,158.37.63.99,158.37.63.0/24,443,closed,57,zmap
2025-10-03T13:05:22Z,2025-10-03T13-05-04Z,158.37.63.146,158.37.63.0/24,443,closed,56,zmap
2025-10-03T13:05:22Z,2025-10-03T13-05-04Z,158.37.63.200,158.37.63.0/24,443,open,56,zmap
2025-10-03T13:05:22Z,2025-10-03T13-05-04Z,158.37.63.111,158.37.63.0/24,443,closed,56,zmap
2025-10-03T13:05:22Z,2025-10-03T13-05-04Z,158.37.63.164,158.37.63.0/24,443,open,56,zmap
2025-10-03T13:05:22Z,2025-10-03T13-05-04Z,158.37.63.88,158.37.63.0/24,443,open,55,zmap
2025-10-03T13:05:22Z,2025-10-03T13-05-04Z,158.37.63.87,158.37.63.0/24,443,closed,56,zmap
2025-10-03T13:05:22Z,2025-10-03T13-05-04Z,158.37.63.133,158.37.63.0/24,443,closed,56,zmap
2025-10-03T13:05:22Z,2025-10-03T13-05-04Z,158.37.63.86,158.37.63.0/24,443,open,55,zmap
2025-10-03T13:05:22Z,2025-10-03T13-05-04Z,158.37.63.160,158.37.63.0/24,443,open,55,zmap
2025-10-03T13:05:22Z,2025-10-03T13-05-04Z,158.37.63.55,158.37.63.0/24,443,closed,56,zmap
2025-10-03T13:05:22Z,2025-10-03T13-05-04Z,158.37.63.188,158.37.63.0/24,443,closed,56,zmap
2025-10-03T13:05:22Z,2025-10-03T13-05-04Z,158.37.63.184,158.37.63.0/24,443,open,56,zmap
2025-10-03T13:05:22Z,2025-10-03T13-05-04Z,158.37.63.101,158.37.63.0/24,443,open,57,zmap
2025-10-03T13:05:22Z,2025-10-03T13-05-04Z,158.37.63.139,158.37.63.0/24,443,closed,56,zmap
2025-10-03T13:05:22Z,2025-10-03T13-05-04Z,158.37.63.193,158.37.63.0/24,443,open,57,zmap
2025-10-03T13:05:22Z,2025-10-03T13-05-04Z,158.37.63.43,158.37.63.0/24,443,open,57,zmap
2025-10-03T13:05:22Z,2025-10-03T13-05-04Z,158.37.63.23,158.37.63.0/24,443,closed,56,zmap
2025-10-03T13:05:22Z,2025-10-03T13-05-04Z,158.37.63.2,158.37.63.0/24,443,open,57,zmap
2025-10-03T13:05:22Z,2025-10-03T13-05-04Z,158.37.63.222,158.37.63.0/24,443,closed,57,zmap
2025-10-03T13:05:22Z,2025-10-03T13-05-04Z,158.37.63.54,158.37.63.0/24,443,open,56,zmap
2025-10-03T13:05:22Z,2025-10-03T13-05-04Z,158.37.63.123,158.37.63.0/24,443,closed,56,zmap
2025-10-03T13:05:22Z,2025-10-03T13-05-04Z,158.37.63.20,158.37.63.0/24,443,open,56,zmap
2025-10-03T13:05:22Z,2025-10-03T13-05-04Z,158.37.63.21,158.37.63.0/24,443,open,57,zmap
2025-10-03T13:05:22Z,2025-10-03T13-05-04Z,158.37.63.62,158.37.63.0/24,443,open,57,zmap
2025-10-03T13:05:22Z,2025-10-03T13-05-04Z,158.37.63.148,158.37.63.0/24,443,closed,57,zmap
2025-10-03T13:05:22Z,2025-10-03T13-05-04Z,158.37.63.15,158.37.63.0/24,443,closed,56,zmap
2025-10-03T13:05:22Z,2025-10-03T13-05-04Z,158.37.63.229,158.37.63.0/24,443,open,56,zmap
2025-10-03T13:05:22Z,2025-10-03T13-05-04Z,158.37.63.182,158.37.63.0/24,443,closed,56,zmap
2025-10-03T13:05:22Z,2025-10-03T13-05-04Z,158.37.63.29,158.37.63.0/24,443,open,55,zmap
2025-10-03T13:05:22Z,2025-10-03T13-05-04Z,158.37.63.250,158.37.63.0/24,443,open,57,zmap
2025-10-03T13:05:22Z,2025-10-03T13-05-04Z,158.37.63.38,158.37.63.0/24,443,open,55,zmap
2025-10-03T13:05:22Z,2025-10-03T13-05-04Z,158.37.63.168,158.37.63.0/24,443,open,56,zmap
2025-10-03T13:05:22Z,2025-10-03T13-05-04Z,158.37.63.58,158.37.63.0/24,443,open,56,zmap
2025-10-03T13:05:22Z,2025-10-03T13-05-04Z,158.37.63.35,158.37.63.0/24,443,open,57,zmap
2025-10-03T13:05:22Z,2025-10-03T13-05-04Z,158.37.63.163,158.37.63.0/24,443,open,56,zmap
2025-10-03T13:05:22Z,2025-10-03T13-05-04Z,158.37.63.131,158.37.63.0/24,443,open,57,zmap
2025-10-03T13:05:22Z,2025-10-03T13-05-04Z,158.37.63.114,158.37.63.0/24,443,open,56,zmap
2025-10-03T13:05:22Z,2025-10-03T13-05-04Z,158.37.63.22,158.37.63.0/24,443,closed,56,zmap
2025-10-03T13:05:22Z,2025-10-03T13-05-04Z,158.37.63.205,158.37.63.0/24,443,closed,56,zmap
2025-10-03T13:05:22Z,2025-10-03T13-05-04Z,158.37.63.121,158.37.63.0/24,443,closed,57,zmap
2025-10-03T13:05:22Z,2025-10-03T13-05-04Z,158.37.63.142,158.37.63.0/24,443,closed,56,zmap
2025-10-03T13:05:22Z,2025-10-03T13-05-04Z,158.37.63.194,158.37.63.0/24,443,closed,56,zmap
2025-10-03T13:05:22Z,2025-10-03T13-05-04Z,158.37.63.170,158.37.63.0/24,443,closed,57,zmap
2025-10-03T13:05:22Z,2025-10-03T13-05-04Z,158.37.63.145,158.37.63.0/24,443,open,56,zmap
2025-10-03T13:05:22Z,2025-10-03T13-05-04Z,158.37.63.253,158.37.63.0/24,443,closed,59,zmap
